{"raw_images\\0001.Jackson Hole.Yellowstone National Park.Ferrari SF-MV Rally-2 - Copy - Copy - Copy.NEF": 1704288597.525698, "raw_images\\0002.Jackson Hole.Yellowstone National Park.Ferrari SF-MV Rally - Copy - Copy - Copy.NEF": 1704288593.791301, "raw_images\\0003.Jackson Hole.Yellowstone National Park.Ferrari SF-MV Rally - Copy (2).NEF": 1704288591.783073, "raw_images\\DSC05480.ARW": 1704391172.0325186, "raw_images\\RAW_KODAK_DCSPRO.DCR": 1704288589.2559574, "raw_images\\RAW_OLYMPUS_E1.ORF": 1704288587.97574, "raw_images\\RAW_PENTAX_K-m.PEF": 1704288588.2109516, "raw_images\\_DSC8596.ARW": 1704288600.1929448, "raw_images\\_DSC8599.ARW": 1704288596.4589288, "raw_images\\001800C7-2F87-4570-8F6B-41030816EB6D.dng": 1704288587.7404838, "raw_images\\DSC_1741.dng": 1704288598.0433755, "raw_images\\DSC_8388.dng": 1704288588.9194744, "raw_images\\IMG_0062.CR3": 1704288590.6848857, "raw_images\\Y-JG-CANON-EOS-R7-0002.CR3": 1704288592.6306748, "raw_images\\Y-JG-CANON-EOS-R7-0012.CR3": 1704288588.6908627}